"1","Christie","Becker"
"2","Bryan","Bergstrom"
"3","Ann","Deckow"
"4","Andrea","Boyer"
"5","Lisa","Hyatt"
"6","Alfonso","Haag"
"7","Max","Grimes"
"8","Darren","Bahringer"
"9","Christopher","Konopelski-Connelly"
"10","Lucia","Jacobs"
"11","Minnie","Purdy"
"12","Calvin","Larson"
"13","Katherine","O'Kon"
"14","Lester","Mills"
"15","Lee","Gislason"
"16","Isaac","Hermiston"
"17","Pauline","Ratke"
"18","Kristin","Rau"
"19","Dustin","Von-Huels"
"20","Tracy","Ebert"
"21","Myron","Huel"
"22","Ignacio","Huels"
"23","Clifton","Graham-Frami"
"24","Ethel","Zieme"
"25","Martha","Boyer"
"26","Rosa","King"
"27","Jose","Farrell"
"28","Alberta","Quigley"
"29","Alma","Mueller"
"30","Jackie","Mayer"
"31","Della","Marks"
"32","Jeff","Koepp"
"33","Ricardo","Jones"
"34","Toni","Kuhn"
"35","Ed","Runolfsdottir"
"36","Rickey","Hirthe"
"37","Abraham","Wyman"
"38","Lois","Kris"
"39","Ramona","Harris"
"40","Erin","Schuppe"
"41","Sidney","Murphy"
"42","Lawrence","Leuschke"
"43","Spencer","O'Connell"
"44","Shari","Parisian"
"45","Rosalie","Effertz-Bergstrom"
"46","Simon","Reilly"
"47","Darlene","Roberts"
"48","Lee","Mayer"
"49","Barry","Ledner"
"50","Vicky","Mosciski"
"51","Felicia","Brakus"
"52","Ella","Lind"
"53","Wilfred","Ondricka"
"54","Lindsey","Abbott"
"55","Angel","Sporer"
"56","Leslie","Will"
"57","Adrian","Abernathy"
"58","Terri","Bins"
"59","Orlando","Jakubowski"
"60","Ebony","Jaskolski"
"61","Jesse","Luettgen"
"62","Mathew","Stokes"
"63","Joyce","Champlin"
"64","Chris","Sipes"
"65","Kathleen","Stark"
"66","Gerard","Jast"
"67","Ana","Friesen"
"68","Angelo","Padberg"
"69","Matthew","Lind"
"70","Gerald","Miller"
"71","Sergio","Cummings"
"72","Jamie","Kiehn"
"73","Terence","Becker"
"74","Delia","Ullrich"
"75","Allison","Gutkowski"
"76","Darnell","Fay"
"77","Monica","Buckridge"
"78","Katrina","Johnston"
"79","Cesar","Wilkinson"
"80","Earl","Schowalter"
"81","Caroline","Quitzon-Reynolds"
"82","Leslie","Moen"
"83","Louise","Wunsch"
"84","Gustavo","McCullough"
"85","Miranda","Kuhlman"
"86","Jake","Dare"
"87","Dixie","Bins"
"88","Cary","Mosciski"
"89","Tina","Stroman"
"90","Jeremiah","Muller"
"91","Kelley","Johnston"
"92","Noel","Glover"
"93","Sam","Mertz"
"94","Andre","Boyer"
"95","Percy","Wisoky"
"96","Katherine","McClure"
"97","Nelson","Gottlieb"
"98","Mabel","Ferry"
"99","Woodrow","Wisozk"
"100","Leticia","Bahringer-O'Connell"
"101","Kathryn","Auer"
"102","Maxine","O'Kon"
"103","Brett","Jakubowski-Okuneva"
"104","Chester","Bartoletti"
"105","Saul","Kozey"
"106","Rosa","Nitzsche"
"107","Jimmy","Schmitt"
"108","Karla","Gerhold"
"109","Arnold","Hayes"
"110","Amos","Douglas"
"111","Darrel","McGlynn"
"112","Jake","Sipes"
"113","Taylor","Schinner"
"114","Elias","Senger"
"115","Amos","McCullough"
"116","Elias","Swift"
"117","Rosie","Dickens-Powlowski"
"118","Janis","Rogahn"
"119","Deanna","Ziemann"
"120","Daisy","Schaden"
"121","Eddie","Kub-Senger"
"122","Walter","Kirlin"
"123","Ronnie","Auer"
"124","Dawn","Haag"
"125","Flora","Metz"
"126","Boyd","Waters"
"127","Lori","Hand"
"128","Mae","Adams-Sipes"
"129","Pamela","Volkman"
"130","Naomi","Terry"
"131","Miguel","Shields"
"132","Cynthia","Schroeder"
"133","Charlotte","Goldner"
"134","Wilfred","Flatley-Murazik"
"135","Nicolas","Barrows"
"136","Leroy","Wolff"
"137","Constance","Crooks"
"138","Tanya","Abernathy"
"139","Terrell","Wisoky"
"140","Van","Bergstrom"
"141","Jana","Robel"
"142","Carmen","Purdy"
"143","Salvatore","Goldner"
"144","Clarence","Herzog"
"145","Corey","Wehner"
"146","Freddie","West"
"147","Randolph","Cartwright"
"148","Arlene","Reichel"
"149","Edwin","Rutherford"
"150","Darla","Prohaska"
"151","Kent","Hoeger"
"152","Stewart","Zieme"
"153","Carlton","Hills"
"154","Jeffery","Moore"
"155","Erika","Pfannerstill"
"156","Olivia","Davis"
"157","Omar","Franey"
"158","Kim","Gibson"
"159","Kristin","Lubowitz"
"160","Barry","Daugherty"
"161","Harvey","Bartell"
"162","Bessie","Senger"
"163","Jana","Harvey"
"164","Sophia","Jaskolski"
"165","Eugene","MacGyver"
"166","Ed","Shields"
"167","Pedro","Kerluke"
"168","Alexandra","Homenick"
"169","Tom","Mann"
"170","Elena","Ratke"
"171","Jessie","Erdman-Harber"
"172","Walter","Wilkinson"
"173","Renee","Sipes"
"174","Kerry","King"
"175","Katherine","Luettgen"
"176","Cory","Baumbach"
"177","Renee","Mitchell"
"178","Hazel","Maggio"
"179","Kristine","Turcotte"
"180","Jorge","Bruen"
"181","Diane","Schiller"
"182","Preston","Mertz"
"183","Loretta","Ferry"
"184","Tracy","Yundt"
"185","Kelly","Kunde"
"186","Ellen","Volkman"
"187","Steven","Zulauf"
"188","Tracy","Pfeffer"
"189","Sergio","Schmeler"
"190","Melody","Emard"
"191","Julius","Reinger-Jacobs"
"192","Jordan","Rutherford"
"193","Owen","Green"
"194","Johnnie","Robel"
"195","Edna","Hintz-Olson"
"196","Karl","Quitzon"
"197","Edmund","Senger"
"198","Aaron","Beahan"
"199","Eric","Koss"
"200","Krystal","O'Keefe"
"201","Randal","Romaguera"
"202","Michael","Robel"
"203","Vincent","Moen"
"204","Sara","Connelly"
"205","Erma","Hansen"
"206","Bert","Nolan"
"207","Yvonne","Aufderhar"
"208","Marian","Volkman"
"209","Roman","Mayert"
"210","Winifred","Hand"
"211","Lloyd","Conroy"
"212","Kay","Sawayn"
"213","Ginger","Goyette"
"214","Marie","Connelly"
"215","Christina","Spinka"
"216","Jessica","Weimann-O'Keefe"
"217","Gertrude","Waelchi"
"218","Nicholas","Bartoletti"
"219","Lindsey","Senger"
"220","Deanna","Bahringer"
"221","Leo","Jast"
"222","Ricardo","Sporer"
"223","Bernice","Thiel"
"224","Amber","Paucek"
"225","Patsy","Emard"
"226","Vicki","Lesch"
"227","Brenda","Medhurst"
"228","Frank","Nicolas"
"229","Julia","Nikolaus"
"230","Alton","Welch"
"231","Thomas","Abbott"
"232","Mamie","Daugherty"
"233","Alex","Sauer"
"234","Melody","VonRueden"
"235","Yvonne","Heaney"
"236","Javier","Dooley"
"237","Darrin","Mertz"
"238","Frankie","Doyle"
"239","Rafael","Hodkiewicz"
"240","Chester","Ruecker"
"241","Kristie","Stamm"
"242","Lewis","Gottlieb"
"243","Julie","Batz"
"244","May","Kerluke"
"245","Kristi","Nicolas"
"246","Jonathon","Hoeger"
"247","Frances","Mueller"
"248","Adam","Maggio"
"249","Marc","Schamberger"
"250","Edgar","McCullough"
"251","Jeremiah","Barrows"
"252","Tara","Jakubowski"
"253","Gene","Kuhlman"
"254","Melba","Bins"
"255","Kate","Pouros"
"256","Ervin","Carter"
"257","Olivia","Gutmann"
"258","Ernesto","Moore"
"259","Brett","Gleichner"
"260","Harry","Pouros"
"261","Mathew","Sporer"
"262","Tyler","Stroman"
"263","Travis","Kuvalis"
"264","April","Little"
"265","Marvin","Bartoletti"
"266","Floyd","Harber"
"267","Betsy","Green"
"268","Vivian","Hansen"
"269","Clyde","Bins"
"270","Randall","Walter"
"271","Derek","Welch"
"272","Carroll","Hilll"
"273","Nicholas","Hegmann"
"274","Theodore","DuBuque"
"275","Wilson","Walter"
"276","Spencer","Heidenreich"
"277","Clark","Daniel"
"278","April","Howell"
"279","Josephine","Murazik"
"280","Lynette","MacGyver"
"281","Roberto","Powlowski"
"282","Benny","Nitzsche"
"283","Malcolm","Kris"
"284","Megan","Jenkins"
"285","Billie","Macejkovic"
"286","Valerie","Terry"
"287","Leigh","Howell"
"288","Alberto","Langosh"
"289","Wilma","Purdy"
"290","Leslie","Bergstrom-Bins"
"291","Elias","Medhurst"
"292","Miguel","Buckridge"
"293","Andrew","Rippin"
"294","Hope","Spencer"
"295","Roberta","Cartwright"
"296","Marcia","Rowe"
"297","Shirley","Koch"
"298","Ralph","Harris"
"299","Edward","Denesik"
"300","Neal","Rutherford"
"301","Gilberto","Kertzmann"
"302","Rickey","Kuhlman"
"303","Darrin","Feest"
"304","Kate","Crist"
"305","Ginger","Quitzon"
"306","Tonya","Friesen"
"307","Ed","Bahringer"
"308","Toni","Balistreri"
"309","Ronnie","Bergstrom"
"310","Shelly","Mertz"
"311","Hubert","Hoppe-Stroman"
"312","Lorraine","Tromp"
"313","Billie","Kassulke"
"314","Ricky","Tremblay"
"315","Shawna","Wilkinson-Bosco"
"316","Jimmie","Smitham"
"317","Nick","Zulauf"
"318","Stephen","Champlin"
"319","Elsa","Dach"
"320","Troy","Becker"
"321","Jackie","Green"
"322","Paul","Reinger"
"323","Cassandra","Kerluke"
"324","Hattie","Bernier"
"325","Darin","Marvin"
"326","George","Orn"
"327","Rosa","Cummings"
"328","Peggy","Smitham"
"329","Franklin","Welch"
"330","Theodore","Wolff"
"331","Myrtle","Stiedemann"
"332","Dianne","Lang"
"333","Wesley","Bashirian"
"334","Irving","Funk"
"335","Carolyn","Dietrich"
"336","Erick","Lemke"
"337","Philip","Bins"
"338","Darla","Pagac"
"339","Harry","Runte"
"340","Claude","Gorczany"
"341","Bernice","Jakubowski"
"342","Floyd","Rau"
"343","Jan","Buckridge"
"344","Evelyn","Harber"
"345","Ramona","Klocko"
"346","Wendell","DuBuque"
"347","Arturo","Murray"
"348","Carole","Streich"
"349","Sherri","Rolfson"
"350","Janis","Carroll"
"351","Doris","Bins"
"352","Joan","Kuhn"
"353","Darrel","Gleichner"
"354","Winifred","Stehr"
"355","Lorene","Reilly"
"356","Glen","O'Keefe"
"357","Thomas","Schulist"
"358","Marco","Schaefer"
"359","Marion","Flatley-Pfannerstill"
"360","Martha","Borer"
"361","Carroll","Will"
"362","Veronica","Effertz"
"363","Tracy","Kuhic"
"364","Winifred","Crona-Brekke"
"365","Nicolas","Casper"
"366","Erik","Nader"
"367","Leo","Maggio"
"368","Guadalupe","Hettinger"
"369","Guy","Renner"
"370","Diana","Olson-Huels"
"371","Marlon","Friesen"
"372","Laverne","Anderson"
"373","Willis","Hermann"
"374","Ricardo","Simonis"
"375","Frederick","Bernier"
"376","Darrin","Wyman"
"377","Carla","Volkman"
"378","Louise","Pagac"
"379","Cedric","Cartwright"
"380","Richard","MacGyver"
"381","Otis","Stokes"
"382","Rodolfo","Armstrong"
"383","Willard","Collier"
"384","Milton","Bruen"
"385","Clint","O'Conner"
"386","Brett","Blick"
"387","Marco","Osinski"
"388","Meghan","Funk"
"389","Ross","Romaguera"
"390","Winifred","Feest"
"391","Shelley","Dietrich"
"392","Stephen","Bogisich"
"393","Marie","Shanahan"
"394","Angelina","Boyle"
"395","Arturo","Pfeffer"
"396","Oscar","Greenholt"
"397","Elsie","Abshire"
"398","Wilbert","Halvorson"
"399","Henrietta","DuBuque"
"400","Claudia","Donnelly"
"401","Marian","Gerhold"
"402","Brandi","Walker"
"403","Phil","Ruecker"
"404","Orville","Schroeder"
"405","Elaine","Towne"
"406","Kim","Wehner-Bode"
"407","Simon","West"
"408","Moses","Russel-Schumm"
"409","Cecil","Waters"
"410","Pedro","Fadel"
"411","Stanley","Adams"
"412","Bernadette","Runolfsdottir-VonRueden"
"413","Emmett","McKenzie"
"414","Benny","Hirthe"
"415","Karen","Bradtke"
"416","Pamela","Lang"
"417","Hugh","Block"
"418","Neal","Hand"
"419","Hannah","Hackett"
"420","Nicolas","Gerhold"
"421","Jeanne","Stiedemann"
"422","Myra","Tremblay"
"423","Dallas","Franecki"
"424","Stuart","Senger"
"425","Sonya","Padberg"
"426","Jenna","Rolfson"
"427","Inez","Powlowski"
"428","Roxanne","Nitzsche"
"429","Terence","Gulgowski"
"430","Clay","Schroeder"
"431","Doris","Hegmann"
"432","Sean","Mann"
"433","Joe","Labadie"
"434","Miranda","Murray"
"435","Gilberto","Stark"
"436","Elias","Nikolaus"
"437","Tammy","Jacobs"
"438","Roy","Witting"
"439","Taylor","Davis"
"440","Joseph","Kuhic"
"441","Carole","Gibson"
"442","Erma","Gusikowski"
"443","Jan","Jakubowski"
"444","Seth","Goldner"
"445","Erika","Ullrich"
"446","Kenny","Greenholt"
"447","Sheila","Treutel"
"448","Jeanne","Ondricka"
"449","Julio","Leffler"
"450","Lois","Watsica"
"451","Marcos","Kozey"
"452","Johnnie","Barrows"
"453","Marc","Schmidt"
"454","Catherine","Runolfsdottir"
"455","Samantha","Hand"
"456","Kurt","Russel"
"457","Becky","Simonis"
"458","Winifred","Dicki"
"459","Jessie","Hessel"
"460","Gretchen","Kreiger"
"461","Kristine","Murphy"
"462","Patrick","Crooks"
"463","Sharon","Konopelski"
"464","Meredith","Halvorson"
"465","Kathryn","Wilderman"
"466","Joshua","Jakubowski"
"467","Rhonda","Romaguera"
"468","Edith","Bergstrom"
"469","Faith","Frami"
"470","Kerry","Kris"
"471","Mabel","Franey"
"472","Myra","Strosin"
"473","Vickie","Cummerata"
"474","Rick","Franey"
"475","Shane","Hagenes-Franecki"
"476","Doug","O'Keefe"
"477","Ralph","Hegmann"
"478","Kathryn","Waelchi"
"479","Jessie","DuBuque"
"480","Pauline","Johns"
"481","Fernando","Stamm"
"482","Dan","Hauck-Smith"
"483","Lindsey","Lesch"
"484","Delia","Kiehn-Paucek"
"485","Terry","Halvorson"
"486","Drew","Koss"
"487","Alejandro","Doyle"
"488","Sheri","Emmerich"
"489","Jackie","Rohan"
"490","Sharon","Reichert"
"491","Lola","Brakus"
"492","Javier","Fritsch"
"493","Eva","Macejkovic"
"494","Andy","King-Smith"
"495","Kelly","Corwin"
"496","Roman","Purdy"
"497","Loretta","Leffler-MacGyver"
"498","Kelly","Murazik"
"499","Gail","Langosh"
"500","Gary","Lowe"
"501","Maxine","Johnson"
"502","Aubrey","Littel"
"503","Amber","Hilll"
"504","Grady","Fritsch"
"505","Jackie","Kiehn"
"506","Conrad","Gulgowski"
"507","Levi","Schmitt"
"508","Dustin","Turner-West"
"509","Colin","Jaskolski-Kunde"
"510","Dan","Koss"
"511","Jeremiah","Botsford"
"512","Cory","Ritchie"
"513","Felipe","Lueilwitz"
"514","Maurice","Brakus"
"515","Wilbur","Spinka"
"516","Cecil","Schaefer"
"517","Leo","Sawayn"
"518","Melinda","Lindgren"
"519","Ramiro","Moore"
"520","Darla","Hills"
"521","Tricia","Collins"
"522","Grady","Armstrong"
"523","Lawrence","Cremin"
"524","Gregory","Hahn"
"525","Glen","Powlowski"
"526","Carlton","Torphy"
"527","Sandy","Hintz"
"528","Marcus","Stokes"
"529","Faye","Kertzmann"
"530","Janie","Pfeffer"
"531","Sara","Moore"
"532","Rex","Klein"
"533","Kate","Ledner"
"534","Ernesto","Reichel"
"535","Rudy","Jakubowski"
"536","Ellis","Miller"
"537","Clark","Gusikowski"
"538","Morris","Johnston"
"539","Orlando","Vandervort"
"540","Gary","Bashirian"
"541","Arlene","Huel"
"542","Craig","Koss"
"543","Kent","Schimmel"
"544","Ira","Ondricka"
"545","Gwen","Carter"
"546","Garry","Swaniawski"
"547","Wilbert","Konopelski"
"548","Kari","Hyatt"
"549","Paulette","Donnelly"
"550","Marion","Lubowitz"
"551","Lora","Boyle"
"552","Matt","Schuppe"
"553","Robert","O'Hara"
"554","Maxine","Schultz"
"555","Joanne","Shields"
"556","Edmond","Nienow"
"557","Brad","Rath"
"558","Frankie","Smith"
"559","Eddie","Schinner"
"560","Christine","McGlynn"
"561","Clara","Upton"
"562","Melvin","McClure"
"563","Alberta","Durgan"
"564","Ira","Harvey"
"565","Wayne","Christiansen-Mayert"
"566","Katherine","Bednar"
"567","Caleb","Mante"
"568","Erika","Erdman"
"569","Cristina","Batz"
"570","Raymond","Paucek"
"571","Randall","Dickinson"
"572","Lamar","Legros"
"573","Salvador","Daugherty"
"574","Dwight","Schultz"
"575","Wilma","Kemmer"
"576","Bill","O'Reilly"
"577","Timothy","Paucek"
"578","Ira","Connelly"
"579","Ricardo","Sporer"
"580","Ruby","Collier"
"581","Shaun","Miller"
"582","Aubrey","Franey"
"583","Alberto","Barton"
"584","Judith","Littel"
"585","Cory","Walter"
"586","Kevin","Toy"
"587","Bobbie","Heathcote"
"588","Earl","Oberbrunner"
"589","Faith","Tromp"
"590","Deanna","Casper-Auer"
"591","Elisa","Kutch"
"592","Kristin","Rice"
"593","Sarah","Luettgen-Turcotte"
"594","Tommie","Wolf"
"595","Melanie","Ritchie"
"596","Derrick","Gerhold"
"597","Lonnie","Ebert"
"598","Warren","Little"
"599","Lena","Langworth"
"600","Cesar","O'Conner"
"601","Taylor","Heidenreich"
"602","Charlotte","Trantow"
"603","Hannah","Morar"
"604","Flora","Boehm"
"605","Philip","Moen"
"606","Cody","Kiehn"
"607","Wm","Fritsch"
"608","Sherri","Gerlach"
"609","Shirley","Boyle"
"610","Constance","Weimann"
"611","Mitchell","Waelchi"
"612","Merle","Feest-Wolf"
"613","Wayne","Goldner"
"614","Christian","MacGyver"
"615","Gordon","McClure"
"616","Jo","Bergstrom-Koss"
"617","Debbie","Schowalter"
"618","Marian","Mohr"
"619","Anthony","Stiedemann"
"620","Lauren","Kertzmann"
"621","Kellie","Schiller"
"622","Sheila","Wolf"
"623","Julian","Erdman"
"624","Erick","Will"
"625","Otis","Boyer"
"626","Daisy","Crona"
"627","Elsie","Schulist"
"628","Norman","Morissette-McDermott"
"629","Frederick","Dietrich"
"630","Lauren","Batz"
"631","Annie","Schaefer"
"632","Ramiro","Rowe"
"633","Alan","Sipes"
"634","Christie","Jacobs"
"635","Ruby","Halvorson"
"636","Joel","Kovacek"
"637","Leslie","Wunsch"
"638","Shelia","Ankunding"
"639","Whitney","Robel"
"640","Dawn","Schmitt"
"641","Anna","Mohr"
"642","Hazel","Kuhn"
"643","Sylvia","Cole"
"644","Earnest","Gulgowski"
"645","Israel","Price"
"646","Johnathan","Mertz"
"647","Viola","Rohan"
"648","Joanne","Keebler"
"649","Lillian","Witting"
"650","Darrel","Russel"
"651","Sherry","Weimann"
"652","Grant","Sporer"
"653","Chris","Lynch-Kuvalis"
"654","Rosalie","Breitenberg"
"655","Tracy","Gerhold"
"656","Emmett","Stroman"
"657","Paul","Stroman"
"658","Gwendolyn","Schaden"
"659","Grace","Reinger"
"660","Ernesto","Nader"
"661","Julio","Mayer"
"662","Raquel","Jacobs"
"663","Marjorie","Herzog"
"664","Wendy","Armstrong"
"665","Grant","Gleichner"
"666","Janie","Hills"
"667","Paul","Bradtke"
"668","Beverly","Grant"
"669","Noah","Bradtke"
"670","Sidney","Kerluke"
"671","Tammy","Rippin"
"672","Phil","Nienow"
"673","Steven","Funk"
"674","Victor","Streich"
"675","Katrina","Jast"
"676","Nicholas","Raynor"
"677","Marlene","Shields"
"678","Tim","Baumbach"
"679","Yvette","Jacobs"
"680","Angel","Gutmann"
"681","Fernando","Sipes"
"682","Ana","Feeney"
"683","Brent","Wilkinson"
"684","Dominic","Larson"
"685","Warren","Von"
"686","Melinda","Trantow"
"687","Kristie","Braun"
"688","Bobby","Schuppe"
"689","Verna","Predovic"
"690","Angel","Bailey"
"691","Colleen","Quitzon"
"692","Marcos","Conn"
"693","Eduardo","Kilback"
"694","Lyle","MacGyver"
"695","Jordan","Mosciski"
"696","Brett","Farrell"
"697","Francisco","McLaughlin"
"698","Sherman","Ziemann"
"699","Marcella","Mertz"
"700","Ricky","Dach"
"701","Leah","Veum"
"702","Meghan","Heathcote"
"703","Kathryn","Parker"
"704","Jimmie","Thompson"
"705","Duane","Rippin"
"706","Malcolm","Ullrich"
"707","Brenda","Ryan"
"708","Yvonne","Turner"
"709","Shane","Welch"
"710","Kyle","Dickinson"
"711","Clayton","Kulas"
"712","Everett","Batz"
"713","Leonard","Gislason"
"714","Christie","Ritchie"
"715","Violet","Breitenberg"
"716","Carl","Mann"
"717","Marco","Considine"
"718","Leo","Spinka"
"719","Sabrina","Stracke"
"720","Geoffrey","Tremblay"
"721","Jeremiah","Zemlak"
"722","Paula","Batz"
"723","Jeffery","Wolff"
"724","Kristina","Heller"
"725","Jerald","Von"
"726","Mabel","Wintheiser"
"727","Francisco","Veum"
"728","Amanda","Bosco"
"729","Malcolm","Erdman"
"730","Levi","Conn"
"731","Joy","Balistreri"
"732","Thelma","Feeney"
"733","Tony","Berge"
"734","Gina","Dickinson"
"735","Kerry","Crona"
"736","Felicia","Stehr"
"737","Sherri","Murphy"
"738","Larry","Mertz"
"739","Vickie","McKenzie"
"740","Cody","Walker"
"741","Vickie","Baumbach"
"742","Abel","Douglas"
"743","Alexis","Mann"
"744","Guadalupe","Sporer"
"745","Ernest","Gleichner"
"746","Roland","Reynolds"
"747","Tim","Toy"
"748","Faith","Ferry"
"749","Santos","Sauer"
"750","Regina","Feest"
"751","Audrey","Beer"
"752","Loren","Koch"
"753","Tiffany","Stehr"
"754","Jesse","Gleason"
"755","Kara","Murphy"
"756","Rosie","Nikolaus"
"757","Keith","Goodwin"
"758","Roberto","Funk"
"759","Curtis","Heaney"
"760","Judith","Walter"
"761","Susan","Marquardt"
"762","Camille","Lebsack"
"763","Willard","Rosenbaum-Carter"
"764","Preston","McKenzie"
"765","Wallace","Lindgren"
"766","Deanna","Feil"
"767","Damon","Lebsack"
"768","Sylvester","Wintheiser-Schamberger"
"769","Diana","Homenick"
"770","Austin","Doyle"
"771","Carolyn","O'Connell"
"772","Heather","Block"
"773","Jackie","Beer"
"774","Leon","Macejkovic"
"775","Kathleen","Waters"
"776","Clyde","Zieme"
"777","Francis","Sawayn-Stamm"
"778","Johanna","Herman"
"779","Stewart","Hand"
"780","Taylor","Kassulke"
"781","Pete","Prohaska"
"782","Juana","Gibson"
"783","Christopher","Beatty"
"784","Gerald","Pagac"
"785","Traci","O'Hara"
"786","Ida","Wyman"
"787","Evan","Schneider"
"788","Rick","Funk"
"789","Juan","Thiel"
"790","Rudolph","Smith"
"791","Max","Kozey"
"792","Rudy","DuBuque"
"793","Ella","Rippin"
"794","Edgar","Ratke"
"795","Diana","Schaden"
"796","Cornelius","Waters-Schoen"
"797","Bobbie","Willms"
"798","Violet","Bogisich"
"799","Kristy","Sawayn"
"800","Tanya","Rath"
"801","Violet","Marks"
"802","Latoya","Blick"
"803","Tammy","Leuschke"
"804","Elmer","Gutmann"
"805","Marlene","Robel"
"806","Lorenzo","Turcotte"
"807","Winifred","Stroman"
"808","Maxine","Hauck"
"809","Jermaine","Ullrich"
"810","Deborah","Muller"
"811","Sharon","Collier"
"812","Judy","Larson"
"813","Jonathan","Corkery"
"814","Bonnie","Ward"
"815","Cameron","Howe"
"816","Leslie","Funk"
"817","Ann","Marquardt-Dibbert"
"818","Molly","Cassin"
"819","Sylvester","VonRueden"
"820","Jose","Glover"
"821","Marion","Kerluke"
"822","Dennis","Hand-Cartwright"
"823","Santos","Crona"
"824","Noel","Stamm-Okuneva"
"825","Alyssa","Mann"
"826","Shaun","Jacobs"
"827","Terrence","Runolfsdottir-Kulas"
"828","Arthur","Upton"
"829","Ronnie","Mills"
"830","Angela","Tremblay-Franey"
"831","Josefina","Leffler"
"832","Lillian","Rippin"
"833","Wayne","Hermiston"
"834","Miriam","Feest"
"835","Ricky","Langosh"
"836","Gloria","Wintheiser"
"837","Rosa","Runolfsdottir"
"838","Molly","Bergnaum"
"839","Kelley","Funk"
"840","Deanna","Hintz"
"841","Lance","Beier"
"842","Emily","Labadie"
"843","Jeremiah","Mann"
"844","Kristin","Stokes"
"845","Noel","Osinski"
"846","Mamie","Friesen"
"847","Chelsea","Hoeger"
"848","Theresa","Leuschke"
"849","Hattie","Effertz"
"850","Scott","Monahan"
"851","Henry","Franecki"
"852","Camille","Murray"
"853","Winifred","Muller"
"854","Jimmie","Ryan"
"855","Fredrick","Schaden"
"856","Lynn","Abshire"
"857","Simon","Johnson"
"858","Eleanor","Wintheiser"
"859","Terri","Frami"
"860","Julian","Strosin"
"861","Rodolfo","Bradtke"
"862","Doreen","Hintz"
"863","Rebecca","Graham"
"864","Ricardo","Monahan"
"865","Patti","Durgan"
"866","Sandra","Cummings"
"867","Shawna","Harris"
"868","Andrea","Jacobson"
"869","Shelley","Zboncak"
"870","Alexandra","Cummings-Armstrong"
"871","Georgia","Durgan"
"872","Julius","Mante"
"873","Judith","Thompson"
"874","Ervin","Considine"
"875","Marvin","Hauck"
"876","Leticia","Rutherford"
"877","Winston","Stiedemann"
"878","Gwen","Douglas"
"879","Rufus","Gleichner-Kovacek"
"880","Vicki","Morar"
"881","Julius","Conn"
"882","Kristen","Lesch"
"883","Matthew","Hackett"
"884","Patrick","Volkman"
"885","Monique","Dicki"
"886","Sophie","Pfannerstill"
"887","Josh","Hintz"
"888","Bonnie","Boyer"
"889","Dewey","Parisian"
"890","Daisy","Wiegand"
"891","Louise","Stehr"
"892","Gustavo","Cummings"
"893","Jeanette","Ziemann"
"894","Nellie","Brakus"
"895","Jacob","Moore"
"896","Heather","Cole"
"897","Grady","Nikolaus"
"898","Lillie","Adams"
"899","Jill","Kreiger"
"900","Irene","Parker"
"901","Rogelio","Emmerich"
"902","Brenda","Bruen"
"903","Willie","Predovic-Pfeffer"
"904","Jan","Stark"
"905","Kristin","Lakin"
"906","Gwen","Williamson"
"907","Kristine","Schultz"
"908","Sara","Kiehn"
"909","Marian","Kshlerin"
"910","Darren","Boyer"
"911","Christina","Mraz"
"912","Cristina","Dibbert"
"913","Beth","Rice"
"914","Arturo","Crist"
"915","Minnie","Littel"
"916","Chelsea","Willms"
"917","Ada","Reynolds"
"918","Walter","Kub"
"919","Marsha","Doyle"
"920","Joseph","Goyette"
"921","Guadalupe","Cruickshank"
"922","Glen","Hayes"
"923","Erma","Rohan"
"924","Gloria","Deckow"
"925","Byron","Williamson"
"926","Yolanda","Brakus"
"927","Joy","Streich"
"928","Betty","Kiehn"
"929","Gabriel","Treutel"
"930","Emmett","Ledner"
"931","Juan","Krajcik"
"932","Sue","Parker"
"933","Gilbert","Roob"
"934","Laurence","Ernser"
"935","Marcella","Boehm"
"936","Annette","Wiza"
"937","Nathan","Kemmer"
"938","Bertha","Jacobson"
"939","Regina","Fay"
"940","Scott","Batz"
"941","William","Waters"
"942","Angelica","Mante"
"943","Ethel","Mertz"
"944","Cameron","Howe"
"945","Wendell","Mitchell"
"946","Joy","Donnelly"
"947","Sandra","Hilpert"
"948","Desiree","Treutel-Wisozk"
"949","Genevieve","Gerlach"
"950","Oliver","Wolff"
"951","Irma","Rath"
"952","Meghan","Gerhold"
"953","Tammy","Treutel"
"954","Jana","Kuhic"
"955","June","Kautzer-D'Amore"
"956","Hugo","Cruickshank"
"957","Sergio","Bayer"
"958","Olga","Halvorson"
"959","Julia","Tromp"
"960","Willie","Shields"
"961","Terrell","Nicolas"
"962","Shelley","Kihn"
"963","Monique","Schulist"
"964","Vicki","Beahan"
"965","Carlton","Hyatt"
"966","Lucille","Schamberger"
"967","Nathaniel","Dibbert"
"968","Grace","Romaguera"
"969","Salvador","Cruickshank"
"970","Mamie","Waelchi"
"971","Elena","Zulauf"
"972","Gayle","Heaney"
"973","Jerry","Hane"
"974","Jeff","Swaniawski"
"975","Frank","Hane"
"976","Jesus","Carter"
"977","Paula","Hamill"
"978","Woodrow","Lehner"
"979","Chad","Marks"
"980","Brett","Sawayn"
"981","Leo","Bauch"
"982","Felipe","Monahan"
"983","Maryann","Kozey"
"984","Roberta","Lindgren"
"985","Larry","Walter"
"986","Eddie","Hegmann"
"987","Jan","Raynor"
"988","Rickey","Yundt"
"989","Dolores","Nicolas"
"990","Bryant","Pouros"
"991","Carrie","Williamson"
"992","Bernadette","Kassulke"
"993","Mable","Hermiston"
"994","Peggy","Stiedemann"
"995","Kristine","Kuhn"
"996","Phil","Metz"
"997","Devin","Doyle"
"998","Lois","Mann-Howell"
"999","Wilson","Dooley"
"1000","Florence","Bednar"